R,140732582068788
W,6300152
W,6300152
W,6300152
W,6300152
W,6300152
W,6300152
W,6300156
W,6300156
W,6300156
W,6300156
W,6300156
W,6300156
W,6300160
W,6300160
W,6300160
W,6300160
W,6300160
W,6300160
W,6300164
W,6300164
W,6300164
W,6300164
W,6300164
W,6300164
W,6300168
W,6300168
W,6300168
W,6300168
W,6300168
W,6300168
W,6300172
W,6300172
W,6300172
W,6300172
W,6300172
W,6300172
W,6300248
W,6300248
W,6300248
W,6300248
W,6300248
W,6300248
W,6300252
W,6300252
W,6300252
W,6300252
W,6300252
W,6300252
W,6300256
W,6300256
W,6300256
W,6300256
W,6300256
W,6300256
W,6300260
W,6300260
W,6300260
W,6300260
W,6300260
W,6300260
W,6300264
W,6300264
W,6300264
W,6300264
W,6300264
W,6300264
W,6300268
W,6300268
W,6300268
W,6300268
W,6300268
W,6300268
